標題,觀看次數,日期,喜歡次數,留言次數
"你長年單/母胎單身原因破解 !有這些常見心態,孤獨終老",155012,2024年3月13日,4455,
美國vlog 費城之旅真的很廢，連黑豹都說此生再也不踏入,158283,2024年3月9日,5901,
2023 最愛彩妝大軍！淚溝一秒打造機/ 可以舌吻的唇釉,184837,2024年2月21日,4759,
iHerb開箱好物跟還好物!超強香料一秒變成詹姆士!,98627,2024年2月18日,1928,
大奶妹穿搭如何不胖又不討厭,150453,2024年1月31日,2743,
vlog_Oh!my!god紐約 六人行博物館,144534,2024年1月24日,2842,
雪國旅遊每天拍照都同一套沒？這樣搭變化又時髦,50042,2023年12月3日,650,
韓國出差的私下狂烙賽vlog,120312,2023年11月26日,4246,
12星座，這樣對你是喜歡的意思,179259,2023年11月12日,3972,
IU/太妍御用化妝師 親自出馬把我變成女idol,351186,2023年11月5日,9570,
