標題,日期,內文,讚數,留言數
我是查理 I'm Charlene,2023年6月14日,真的太喜歡身上這套穿搭超級顯腿長！這條牛仔寬褲好修飾屁屁而且剛好能遮住肚子最胖的地方穿起來就是瘦！而且是brappers特殊的超薄丹寧布料比起一般牛仔褲薄夏天也能穿得住上衣也是超級顯身材看似平平無奇一穿上去也是顯瘦！真的嚇到另一套牛仔洋裝也是輕薄的夏日材質我喜歡它的扣子是按壓鈕扣所以穿脫都非常快速不用一個一個慢慢解扣子Brappers百貨專櫃和官網全面八折大家可以去逛逛https://reurl.cc/XE6ybR #你的夏日涼伴,529,7則留言
我是查理 I'm Charlene,2023年5月19日,第一次嘗試這種造型看起來有像還在唸書的18歲少女嗎我一開始還質疑髮型師說：「你是要把我綁成三太子嗎？」結果上次發限動的時候超多人回說這樣很好看很像NewJeans （拜託NewJeans 粉不要黑我，不是我說的）今天的照片比較特別的是全都是用 Samsung Galaxy Z Flip4拍的第一次用摺疊手機多角度自拍真的很方便只要單手比5就可以免手持自拍了，拍照不求人！！！！終於不用再求路人幫我拍照了也不用再苦苦哀求老公幫拍直的橫的都可以拍，還可以拍出潮流獨特視角想用主鏡頭高畫素自拍的話，也可以使用封面螢幕自拍可以摺疊螢幕來調整喜歡的拍照角度全身韓系穿搭都可以被拍進去而且我發現Galaxy Z Flip4的拍攝鏡頭會幫你自動美肌不用修圖就可以直接上傳也太方便難怪韓星手裡都有一台想跟上最新流行的韓妞手勢推薦大家試試摺疊機的FlexCam放手自拍Samsung#FlexCam放手自拍#GalaxyZFlip4,"1,239",25則留言
我是查理 I'm Charlene,2023年4月22日,找亮點第一張照片有什麼瑜伽教室不該出現的東西呢？昨天上課到一半忽然一隻貓咪走進教室還直接走到正中央、老師的墊子前給我們示範了一個下犬式然後逕自走去喝老師杯子裡的水喝完水又躺在老師的墊子旁翻肚舔毛睡覺太口愛了啦,"1,462",11則留言
我是查理 I'm Charlene,2023年8月5日,前幾天 I'm Jonas 和他姐姐的對話J：「我昨天去跑步的時候，覺得自己狀態不錯，就一時興起，跑了半馬（21公里），結果今天膝蓋好痛！」J姐：「Jonas，你現在在瑞典了，凡事lagom就好。」Lagom 如果翻成中文，應該可以說是「剛剛好」，凡事剛剛好就好。有時候他們倒咖啡也會說「lagom」，剛剛好的滿度。這不禁讓我思考，這種「剛剛好」的生活哲學，是不是只適合瑞典這種國家呢？在亞洲，如果我什麼都只做到剛剛好（大概是7、8分的努力），可能就是個很平庸的人吧。因為亞洲人口多，競爭激烈，努力沒有剛剛好的，永遠都是在推崇誰誰誰有多努力，越努力越好。我從小學到的觀念就是要特別努力，努力唸書、努力出人頭地、努力找份好工作。但J的父母並不期望孩子出人頭地，他們覺得剛剛好就好，可以住普通的房子，開著普通的車，有份普通的工作，開心健康就好。我覺得這也是瑞典的社會福利好所致，不需要特別努力就能有份工作，不需要努力賺錢也能買房、養小孩（學費政府出）。退休後的醫療費也是政府出，不用擔心養老的問題。所以在瑞典放眼所及之處，大家都過著差不多的生活，沒有誰的房子特別漂亮、車子特別貴，大家穿的衣服都差不多（但也許是因為我不在瑞典富豪圈裡才會這麼覺得）。沒有覺得哪一種生活方式才是對的，只是對於這兩種不同的生活態度有感而發。,"5,959",62則留言
我是查理 I'm Charlene,2023年1月28日,J說很喜歡我穿浴衣喜歡到說要買一套回台灣給我穿,"2,512",34則留言
我是查理 I'm Charlene,3月10日下午10:16,完成了我的人生清單來非洲看動物真的是可以一輩子回味的體驗，太不真實了這次來肯亞safari 獵遊選擇了在Naboisho保護區裡的帳篷飯店，包吃包住包看動物的行程，完美地無可挑惕！一般大家都去馬賽馬拉主區看動物，我們在的Naboisho保護區在它的東北邊，優點是看動物沒有時間限制，可以超早就去，也可以晚上十點看動物（馬拉賽拉只能待到晚上六點半）。還有一個優點是吉普車可以隨意開，所以可以離動物超近（馬拉塞拉只能開在主要道路上）。我們昨天晚上去看動物的時候真的就快嚇死，2隻獅子在吃獵到的長頸鹿寶寶，我們離獅子就只有3公尺遠，他吃到一半突然抬頭看我們，真的很怕他會撲過來吃我們,"3,818",24則留言
我是查理 I'm Charlene,2023年4月15日,出發前的晚餐約會我朋友聽到我要自己出國一週都很驚訝「怎麼沒有跟老公一起去？」「你們真的各玩各的誒」真的是各玩各的沒錯不過不是玩感情啦他喜歡潛水就去綠島潛水一週等他回來我就出國做一個禮拜的瑜伽還可以輪流在家顧貓咪在一起已經第九年了如果你問我維持關係的秘訣那就是不要太常見面保有各自的生活空間很重要（雖然這麼說，但我們還是住在一起7、8年了連我自己都不敢相信竟然能跟一個人在一起這麼久）I'm Jonas,"8,543",58則留言
我是查理 I'm Charlene,1月20日,人生中最冷的一天每一張照片都在強顏歡笑-25度的天氣出門拍照真的是最愚蠢的決定拍到一半覺得我的腳趾要脫落了J：「腳趾會痛嗎？」我：「超痛！」J：「還能感覺到痛表示你沒事，繼續。」我：「」最後一張照片才是我真實的心情,"3,206",34則留言
我是查理 I'm Charlene,2023年8月20日,昨天穿這樣去J爸的音樂聚會結果好多人都來問我們是不是要結婚了首圖比愛心的姿勢還是J媽叫我們比的看起來真的很像婚紗照,"8,052",67則留言
我是查理 I'm Charlene,3月4日下午8:39,來查看烏干達偏鄉學校的教室整修成果，我卻意外地在學生面前哭了老師說有個女生成績很好，但是沒有錢付中學學費（現在這間小學沒有跟她收學費），她再兩年就要升中學，所以問我們可不可以幫她。我跟她說，如果她考上中學的話，我可以贊助她學費，結果這個女生就哭了，我看到她哭，也跟著哭，結果反而變成她在安慰我贊助單一學生這種事情其實很有難度的，因為要定期追蹤（好險有 @helenaviep 願意幫我追蹤），而且這種事很多詐騙，很多學校老師和學生會聯合演出可憐的戲碼來賺取金錢。再加上如果是女學生的話，常常在發育後就被男人騙走、或是懷孕，所以我離開學校前，跟這個女學生千交代萬交代，不要結婚、不要懷孕！（他們國小的年紀而已，但這種事很常發生）總之，我發自內心感謝促成這個計畫所有人的努力去年 I'm Jonas和 @lovebinti.tw 發起的募款活動，在短短的幾個月後就看到了成果，也深深感謝捐款的各位,"4,166",20則留言
我是查理 I'm Charlene,3月6日下午9:45,拜訪烏干達偏鄉學校的第二天，買了144本筆記本給這裡的小學生（已是鄉下小書店全部的數量）。在台灣的我們，上課每個人都有課本，但這裡的學生買不起，只有老師才有，學生只能抄在筆記本上，所以筆記本就是他們的課本！但烏干達偏鄉的居民，一天的收入只有一美金左右（31元台幣），筆記本對他們來說是奢侈品，不知道要幾天不吃不喝才能買一本。但是對台灣的我們來說，卻是超簡單的舉手之勞，所以我知道後就衝去買筆記本。但是144本遠遠不夠，我希望有更多買不起筆記本的小朋友也能擁有。我們給的不只是筆記本和鉛筆，而是一個讓他們能好好學習、跳脫貧窮的機會。雖然無法改變烏干達貧窮的現狀，但我還是想盡我所能，幫助這些小朋友。他們其實沒做錯什麼，卻要生活在赤貧中；而我們卻如此幸運，有飯吃、有水喝、有受教育的機會。如果你也想幫助這些小學生的話，可以在留言處找到捐款連結320元就可以資助一位學生4本筆記本+10支鉛筆,"1,626",27則留言
我是查理 I'm Charlene,2023年11月15日,好久沒有畫這麼濃的妝了Jonas看到稱讚很漂亮但我說：「我馬上就要卸掉了。」Jonas一臉黑人問號我真的是不懂你們女人其實我也覺得自己很難搞化妝的時候 我的妝要持久又服貼！卸妝的時候要卸得乾淨又不傷皮膚！真的毛很多耶好險最近發現之前推薦過的卸妝水升級了！妮維雅B5精華卸妝水 #B5卸妝神水卸的又快又乾淨不會有殘妝堆在毛孔所以用了以後完全沒有長粉刺痘痘#B5卸妝神水 除了原有的雙重舒敏B5精華還升級多加入安心舒緩胺基酸所以卸完妝完全不會乾而且全系列德國原裝進口無酒精、無香料、無礦物油皮膚科醫師認證敏感肌也能用搭配掃膚融妝科技卸妝力很強底妝、腮紅、口紅、眼影、眉毛都卸得掉卸完妝終於可以讓皮膚透透氣睫毛膏的話推薦用妮維雅的眼唇卸妝液另外卸（他們家的眼唇卸妝液藍色款超好用！我用空一瓶了）我最近最常用的就是紫色 #舒敏型很適合皮膚容易敏感泛紅的人使用卸完臉很清爽不會油油的也不會泛紅重點是一大瓶400ml只要兩百多敏感肌和最近因為換季皮膚不穩或是想要維持皮膚穩定的人一定要入手試試哦https://reurl.cc/5OLxXqNIVEA#雙重舒敏B5精華 #妮維雅卸妝 #敏感肌安心卸妝#0殘妝秒卸淨 #肌膚深呼吸,"2,212",55則留言
我是查理 I'm Charlene,2023年7月20日,睽違好久的出差,110,1 則留言
我是查理 I'm Charlene,2023年9月23日,因為J喜歡游泳他幾乎每天都會去游泳池游3公里（泳渡日月潭的距離）在耳濡目染之下我覺得自己不能再這樣廢下去了就去我家的游泳池游了一次游完以後我：「天啊！我今天竟然用自由式游了6趟！我竟然會換氣了，好感動」J：「你進步很多，很棒！」我：「6趟是多遠啊？」J：「大概300公尺。你游了多久？」我：「半小時吧！」J：「你知道300公尺我要游多久嗎？」我：「我不想知道。」J：「我大概5分鐘就能游完。」我：「#%^+¥£*#（髒話消音）」@jonas.tjd,"4,078",44則留言
我是查理 I'm Charlene,2023年6月19日,今天健身完騎車回家的路上看到路邊有個老人在翻垃圾桶找東西吃我騎過去找他給他兩百元請他去買便當吃結果他比了一下自己的耳朵示意自己聽不到我才發現他是個聾啞人士我就指著錢，再比一個吃飯的手勢希望他知道我的意思他看著我的時候我才發現他很老了看起來八十幾歲非常瘦小讓我想到我阿公我就趁眼淚快掉下來前趕快騎車走了然後邊騎車邊哭到底為什麼最近這麼愛哭啦,"8,717",130則留言
我是查理 I'm Charlene,2022年11月15日,聖誕節又要到了時間也過太快了吧 每次聖誕節都會很煩惱交換禮物到底要送什麼很怕送到對方不喜歡的東西像我就很受不了收到馬克杯! 家裡馬克杯已經太多了 今天推薦一個我覺得很難失誤的聖誕禮物Ora2 和小巴黎聯名的聖誕禮盒 「小資輕奢浪漫組」 裡面全部都是身為人類會用到的東西呀! 牙膏牙刷漱口水!�洗髮護髮乳�是不是非常實用 而且還不是普通的牙膏哦是有香氛味道的牙膏刷起牙來口氣會香香的(而且有很好吃的感覺) 總共有3種味道: 浪漫野莓、沁心香橙、夢幻花香 野莓刷起來是甜甜的莓果味�香橙是檸檬薄荷涼涼的味道花香是淡淡的薰衣草+甜橙 我個人喜歡野莓和香橙的味道如果三種味道都很好奇的話也有3條一組的禮盒 「奢華療癒香氛組」 搭配小巴黎的流金香氛蠟燭還可以拿來按摩身體讓寒冷冬天每天都有療癒的香氣陪伴 我想女生應該都會很喜歡 #Ora2 #Ora2x小巴黎聖誕限定禮盒 #聖誕驚喜加氛台灣三詩達 Ora2愛樂齒,205,1 則留言
我是查理 I'm Charlene,2023年12月16日,帶著二貓移民瑞典現在人在阿姆斯特丹轉機飛了14小時20分可以感覺到小黑是來報恩、臭寶是來報仇的小黑全程超乖超安靜臭寶叫不停餵了3顆獸醫給的鎮靜劑也沒用還尿尿在籠子裡但又很心疼她要跟我們飛這麼久希望能順利熬過接下來的2小時飛行+3小時車程,"6,486",63則留言
我是查理 I'm Charlene,2023年10月10日,昨天和J單車遊京都意外去到80歲老奶奶一人經營的店一開始看門口，感覺已經荒廢了沒想到還在營業中點了烏龍麵真的好好吃！很有溫度很家常的味道吃的時候讓我想到日本影集絕味之旅感覺吃的這一次有可能就是最後一次了特別珍惜旅行就是這麼一回事即使舊地重遊發生過的事，再也不會重複了只留在記憶中也許這就是一期一會吧？Photo by @jonas.tjd,"5,350",20則留言
我是查理 I'm Charlene,2023年9月28日,埔里最愛的咖啡因為在地母廟旁邊有蠻多婆婆媽媽會來這裡喜歡安靜地坐著然後偷聽他們在聊什麼也一邊想像自己50歲以後會是什麼樣子,"1,695",15則留言
我是查理 I'm Charlene,2023年8月8日,Omg好久沒跟婊姐合體了因為每次私下見面不是在吃東西就是在聊天完全忘記合照這次終於有合體的美照了我們兩個一個油肌、一個偏乾肌真的很難有讓我們兩個同時都喜歡的產品不過歐舒丹的杏仁美體系列辦到了！天然植萃，清爽不油膩不管油肌乾肌都會覺得好用首先是 #杏仁沐浴油蘊含51%普羅旺斯甜杏仁油雖然叫做油但其實一點都不油遇水馬上乳化，搓揉後產生豐盈細緻泡沫潔淨力很強！惱人的夏天防曬可以洗得很乾淨而且洗完以後身體不會乾澀很保濕舒服味道超療癒，就像是身體自然散發的偽體香～洗完澡後可以馬上擦 #杏仁緊膚凝霜富含滋養效果滿分的甜杏仁油、Omega 6 & 9 及維他命E可以讓皮膚更柔嫩、緊實這瓶質地很讚保濕又不黏膩味道也超香超好聞是可以舒服躺在棉被裡的那種味道即日起到8/31還可以免費兌換 【摯愛杏仁明星體驗禮】，內含杏仁沐浴油6ml+杏仁緊膚凝霜6ml，你一定會愛上這個味道！https://bit.ly/3OGC2cB#緊膚美體首選 #歐舒丹 #LOccitane #EverybodyLovesAlmond L'OCCITANE en Provence,"1,394",6則留言
我是查理 I'm Charlene,2023年1月2日,2023的第一天，麻將我就先輸了110元，謝囉！2023祝每個人都平平安安、健健康康、荷包滿滿、心想事成,"1,018",10則留言
我是查理 I'm Charlene,2023年7月29日,這幾天我和 I'm Jonas 一直狂吃垃圾食物前天去吃了Max（瑞典版的麥當勞）昨天我吃了泡麵，J吃了pizza 晚上我還吃了糖果和洋芋片後來我們覺得很罪惡決定一起出門散步消耗一下熱量結果走啊走竟然走到一台賣漢堡的行動車前兩個人又點了kebab來吃我們坐在草地上吃的時候，J說：「這不是一趟健康之旅嗎？？怎麼變成垃圾食物之旅？」我：「散步可能消耗不到200卡，我們吃的這些應該超過1000卡」我怕我們九月回台灣的時候會變成小胖子,"2,925",24則留言
我是查理 I'm Charlene,2023年7月22日,跟J在他家附近散步結果遇到去年騎的小馬好可愛看起來他好像還記得我耶必須要買幾根紅蘿蔔去餵他,"2,032",14則留言
我是查理 I'm Charlene,2023年7月16日,這次去日本出差根本網美互助會沒有攝影師照片都互相拍這個是  Natalie吳斐莉 用手機幫我拍的是不是可以打分？,"1,668",15則留言
我是查理 I'm Charlene,2023年4月19日,J在抱怨說為什麼我出去玩一張自拍都沒有所以今天化了淡妝拍一張今天是喝咖啡、看書、冥想、頌缽按摩的一天而且今天吃素,"4,380",21則留言
我是查理 I'm Charlene,2023年11月11日,最近兩次爬山都是這副景色好哦,"1,705",15則留言
我是查理 I'm Charlene,2023年7月18日,每次來瑞典都帶錯衣服帶了一堆露肚子的小可愛結果天氣18度左右肚子好冷,"2,138",11則留言
我是查理 I'm Charlene,2023年4月20日,今天是我靈性生命中值得紀念的一天，因為我體會到了從體內自然流出的喜悅。通常我早上起床都會有起床氣，覺得起床很痛苦，一堆工作要做。但是在這裡，每天不到八點就自動醒來。（上次這樣應該是國小要遠足時興奮地起床）早上起床不覺得累，反而覺得身心都很輕盈。感激身邊所有事物，覺得自己能走能動能吃還有呼吸，活著真好，我享受每個當下。走路時，吃東西時，做任何事，我都試著保持正念。也試著把這份喜悅傳給別人：主動幫路邊自拍的情侶拍照、買路邊小弟弟賣的香、每趟旅程都給小費、對路人微笑。以前的我很害羞很封閉不喜歡跟人接觸，但是我今天開始嘗試外向一點點還很幸運地在吃午餐時看到日蝕，真的太棒了，希望我能一直記得這種感覺。,"3,500",14則留言
我是查理 I'm Charlene,2023年2月1日,過年後體重來到人生巔峰胖了4公斤…所以和J一起出門騎腳踏車從內湖成功橋騎到關渡結果到關渡後去吃了日本料理又喝了咖啡吃了甜點20公里白騎了#人生就是在做白工 重點是那家在關渡的咖啡店熱卡布好好喝甜點也好吃叫葉桂英咖啡,"3,580",20則留言
我是查理 I'm Charlene,2023年10月4日,昨天和我表妹講電話，聊到生活越來越貴這件事，竟然可以聊40分鐘！妹：「以前早上吃一個45元的飯糰可以飽到中午，現在大概九點就餓了。」我：「我也是！以前一個便當吃不完，現在吃光光還覺得沒飽……」：「停車費也是，以前百貨公司一小時100，現在120。」：「我朋友在公館停車位一個月八千。」：「連瑞典也變很貴，以前一盒奶油120元，現在一盒200。」：「J爸媽連報紙也不訂了，去他阿嬤家拿昨天的報紙看」諸如此類的對話持續了40分鐘你們也有感覺到通膨嗎？,"3,816",68則留言
我是查理 I'm Charlene,2023年4月10日,這幾天回埔里看阿公阿嬤深深覺得照顧老人真的是種修行阿公95，阿嬤92阿公身體很差，一直躺在床上阿嬤要照顧他，所以一直抱怨我說，哪有讓老人照顧老人的道理？所以想請個看護但阿嬤一直反對「看護來了要睡哪？」「一樓沒房間，阿公跌倒他聽不到。」「來了要給人家吃東西，我怎麼煮？」「外勞聽不懂怎麼辦？」「這麽多錢誰要付？」還沒說服她目前有申請政府長照的服務有來洗澡的、煮飯的、陪散步的就剩下半夜跌倒沒人扶的這個問題這幾天發生了一件事阿嬤花了九牛二虎之力幫阿公換尿布阿公卻在五分鐘後自己又把尿布脫掉阿嬤：「真的氣死我！問他要不要穿尿布他點頭，穿了又給我脫掉！浪費人家的尿布！我真的上輩子欠他的！」Bla-bla-bla 碎唸20分鐘以上我一直都當耳邊風，左耳進右耳出直到唸了3天今天終於受不了了我：「我也幫你配了耳機，兩副！一副6萬一副12萬，你還不是都不戴！」阿嬤：「耳機戴了不舒服。」我：「尿布也是穿了不舒服。」阿嬤：「可是你阿公blablablabla。」我插嘴：「你跟阿公一樣，一個不穿尿布，一個不戴耳機，兩個人配在一起嘟嘟好！」聽完阿嬤就心虛地笑了。老實說，以前我真的沒有這種耐心尤其是重聽要講話講很大聲再加上老人很喜歡同樣的事講十遍以上真的很容易對他們不耐煩但這次回來卻發現我內心平靜很多很少不耐煩了就算她唸了一個小時我還是沒爆炸我把這歸功於最近常看書和寫書法所以心比較靜的緣故再加上最近看的是達賴喇嘛的書可能受到大師一咪咪的感化了吧每個人都不容易生病的人不舒服照顧的人辛苦只希望大家都能多點包容體諒離苦得樂,1.1 萬,129則留言
我是查理 I'm Charlene,2023年4月10日,這幾天回埔里看阿公阿嬤深深覺得照顧老人真的是種修行阿公95，阿嬤92阿公身體很差，一直躺在床上阿嬤要照顧他，所以一直抱怨我說，哪有讓老人照顧老人的道理？所以想請個看護但阿嬤一直反對「看護來了要睡哪？」「一樓沒房間，阿公跌倒他聽不到。」「來了要給人家吃東西，我怎麼煮？」「外勞聽不懂怎麼辦？」「這麽多錢誰要付？」還沒說服她目前有申請政府長照的服務有來洗澡的、煮飯的、陪散步的就剩下半夜跌倒沒人扶的這個問題這幾天發生了一件事阿嬤花了九牛二虎之力幫阿公換尿布阿公卻在五分鐘後自己又把尿布脫掉阿嬤：「真的氣死我！問他要不要穿尿布他點頭，穿了又給我脫掉！浪費人家的尿布！我真的上輩子欠他的！」Bla-bla-bla 碎唸20分鐘以上我一直都當耳邊風，左耳進右耳出直到唸了3天今天終於受不了了我：「我也幫你配了耳機，兩副！一副6萬一副12萬，你還不是都不戴！」阿嬤：「耳機戴了不舒服。」我：「尿布也是穿了不舒服。」阿嬤：「可是你阿公blablablabla。」我插嘴：「你跟阿公一樣，一個不穿尿布，一個不戴耳機，兩個人配在一起嘟嘟好！」聽完阿嬤就心虛地笑了。老實說，以前我真的沒有這種耐心尤其是重聽要講話講很大聲再加上老人很喜歡同樣的事講十遍以上真的很容易對他們不耐煩但這次回來卻發現我內心平靜很多很少不耐煩了就算她唸了一個小時我還是沒爆炸我把這歸功於最近常看書和寫書法所以心比較靜的緣故再加上最近看的是達賴喇嘛的書可能受到大師一咪咪的感化了吧每個人都不容易生病的人不舒服照顧的人辛苦只希望大家都能多點包容體諒離苦得樂,1.1 萬,129則留言
我是查理 I'm Charlene,2023年3月31日,最近買的書以前在國外還是個窮學生的時候隻身一人逛街看到什麼都買不起那時就會躲進書店充滿安全感看看各種有趣的故事而且就算沒買店員也不會不爽現在的我已經可以在書店買沒打折的書也不心疼衷心感謝老天我是個幸運的人,"2,750",54則留言
我是查理 I'm Charlene,2023年3月20日,最近的我很想隱居很想去峇里島學瑜珈去西藏旅行去尼泊爾爬山最近又重新開始看房看的地點是山上但山上的缺點就是可能過幾年後價錢下跌很難賣理智告訴我還是地點好的地方比較保值但感性又想住山上好難啊,"3,326",87則留言
我是查理 I'm Charlene,2023年9月5日,把在瑞典快樂的片段都拍下來了像是小時候的剪貼畫拼湊出2023艷陽和暴雨交替的夏天漢堡那張照片是我在瑞典最快樂的時候哦哈哈哈明明去了很多美麗的地方但還是最喜歡和J坐在戶外、曬著太陽聽著店內播著我們喜歡的歌吃著漢堡的這種平凡的幸福漢堡店播了John Mayer、Leon Bridges、King of convenience 、Amanda Bergman的歌根本是我們平常在聽的歌單複製貼上,"5,090",18則留言
我是查理 I'm Charlene,2023年6月16日,我一直都是個不被愛的孩子，人生中最無法抹平的傷痛就是父母給的。在他們離婚的那個晚上，爭吵著冷氣是誰買的該歸誰，沙發是我買的我要搬走。等到所有的傢俱都吵完一輪後，只剩下三個孩子還站在原地。「孩子給你，我不要。」「是你說要生的，當然是你養！」「我一個女人怎麼帶得了這麼多孩子？」「反正我是不會養的。」僵持了好久，最後阿嬤很霸氣地說：「你們不養，我養！」我安靜地走進阿公的三菱廂型車，沒有看我的父母一眼。從台中開回埔里的路上，一句話也沒有說；阿嬤則是坐在我的旁邊罵我的父母夭壽骨。「原來我連一件傢俱都不如。」「我現在真的是連爸媽都不要的孩子了。」後來只要貪玩做錯事，阿公總是會說：「你們是沒人要的孩子，怎麼還不聽話！」好險阿嬤從來沒說過這樣的話，只會在我翹補習班的課去同學家看蠟筆小新漫畫時，拿巨大的香蕉葉打我。長大後，談的幾段感情，我都是被分手的一方，其中一個男友說我就像榭寄生，我覺得他說得很對，因為我沒有自我，只想牢牢扒在別人身上吸取愛，沒有愛情，我的世界就毀滅了。直到出國唸書工作的兩三年，一個人體驗過在外漂浮無根的生活，這其中家人一次也沒來看我，電話也沒打過。也許是那樣的狀態，才讓我明白一個人也能好好活著，不需依靠任何人。後來就遇見了J，一個和我完全相反的男人，在充滿愛的家庭中長大的小公主。在一起八年多，他可以包容我的一切，看見我懶惰邋遢醜陋歇斯底里低潮的所有面孔，也能跟著我回去阿嬤家，和不會說英文也不會說中文的阿嬤溝通、逗她開心。J：「好不容易學了中文，結果你阿嬤不會說中文」阿嬤：「要學台語！台灣話要會講，災某？」這個故事並不是在告訴大家找到完美的另一半人生才會得到救贖，恰恰相反，只有自己才能拯救自己的人生。接受無法改變的那些無常，唯一能做的就是珍惜和感謝那些還在身邊的人，提醒自己還擁有很多很多。,4.4 萬,629則留言
我是查理 I'm Charlene,2022年12月18日,精神滿滿的渡假狀態7點上一小時的瑜珈課8點吃了一個多小時的早餐再回房間泡個澡再躺在陽台上看書太放鬆了啊～～～,"1,156",5則留言
我是查理 I'm Charlene,2023年3月10日,這個新玩意兒，你一定要試試應該每個人都有擦過身體乳液吧就是長那樣，白白的乳液狀但今天這瓶真的完全不一樣！真的從沒看過這樣的身體乳妮維雅奇肌雙管精萃凝乳安瓶級的身體乳！質地有兩層外面那層透明的是修護保濕精華：維他命B5、玻尿酸、海藻糖就是我們平常拿來擦在臉上的保養品妮維雅直接拿來做成身體乳！是不是很誇張拿臉部保養品的成分來擦身體好奢華裡面那層白色的看起來是比較常見的乳液型態卻有添加專櫃級的安瓶精萃紫色 #注嫩瓶 煥膚安瓶精萃：二代果酸、神經醯胺銀色 #注白瓶 淨白安瓶精萃：維他命C、甘草根萃取橘色 #注young瓶 緊緻安瓶精萃：Q10、肌酸、茴芹果萃取因為最近開始天氣漸漸變暖準備要穿短袖、無袖、裙子不要到夏天才開始煩惱皮膚粗糙顆粒、背痘問題現在就要趕快保養解決！老實說我第一次擦 #注嫩瓶 的時候覺得也太清爽了吧是不是不夠力？很快就吸收完全不黏所以我質疑他是不是不夠保濕但我比較有擦和沒擦的手臂有擦的摸起來嫩很多真的有補水不是擦心酸的同時也測試在身體最粗糙的膝蓋上照片證明真的不誇張原本乾燥粗糙變得更柔嫩平滑值得一提的是「注嫩瓶」中用了最新成分「二代果酸」比一般果酸溫和擦了不會脫皮，也沒有不能曬太陽的問題想要改善皮膚粗糙問題的人可以試試雙管質地包裝讓內外雙管質地分開保存，使用時再新鮮混合產品背面貼心的幫你找好最佳按壓位置每次擠出都是最佳比例就很像先幫身體皮膚擦前導修護精華液再注入安瓶精萃的意思優點是很清爽，完全不黏！缺點是要讓自己的心態去適應這件事已經習慣擦乳液在擦這瓶的時候會覺得幫腿擦精華液是不是太奢侈？好險它沒有很貴趕快到入手 #注嫩瓶為今年夏天滑嫩肌膚做好準備！（銀色 #注白瓶 為屈臣氏獨家、橘色 #注young瓶 為寶雅獨家）NIVEA#妮維雅 #NIVEA #奇肌雙管精萃凝乳#安瓶級雙管身體乳 #注嫩瓶 #顆粒肌救星,325,2則留言
我是查理 I'm Charlene,2023年5月18日,某天我和J的睡前對話我：「我的朋友xxx，我覺得他好聰明，跟他聊天的時候有智商被碾壓的感覺。」J：「我也很聰明啊！我也是有念過柏克萊的人耶！」我：「但跟你相處真的沒有感覺你很聰明耶⋯⋯」J：「可能是我散發出一種stupid aura（很笨的氣場）吧。」我：「真的！像昨天你買了兩個熱騰騰的韭菜盒子，卻可以忍住不吃，說要等運動完再吃，我就稱讚說你好自律、克制力好強！結果你回我什麼？」J：「因為如果我現在吃了這個韭菜盒子，待會上瑜伽課會放屁。」本來對你的佩服景仰之情完全都沒了啦！真的不要怪沒有人覺得你很聰明都被你自己毀了啦,"3,569",33則留言
我是查理 I'm Charlene,2023年8月9日,新影片5顆我最愛的腮紅,131,1 則留言
我是查理 I'm Charlene,2022年12月11日,（圖文不符）想分享我確診後身體壞了了的故事在公園散步走路會喘，跟不上J的腳步（以前從來不會這樣）腦霧真的不是一般在開玩笑的笨，會忘記自己洗頭洗幾遍、貓咪餵藥了沒、出門忘記帶手機、剛剛在說什麼有人打岔就會完全忘記、發生過的事情會忘記。疲累大概活動三小時就像平常活動了12小時那樣累，我還累到直接坐在新光三越手扶梯上，真的站不起來了。背痛因為我本來姿勢就不正確，加上確診後肺活量變小，肩胛骨附近的肌肉開始代償，痛了一個多月，看了一個多月的物理治療才改善。過敏一開始是濕疹、異位性皮膚炎、脂漏性皮膚炎一起發作，吃了一週的西藥沒有改善，還爆發尋麻疹。又自費吃了7000多的中藥，但尋麻疹沒有緩解，太痛苦晚上癢到睡不著，今天衝去醫院打針。醫生開了重劑量的抗組織胺、類固醇和胃藥給我，希望可以撐過今晚希望大家都能健健康康的啊,"2,770",94則留言
我是查理 I'm Charlene,2023年11月12日,跟大家分享我昨天遇到的事走在路上時，看到迎面而來的老夫婦一直低頭看地上的某個東西我也隨著他們的目光想知道他們在看什麼結果原來是一隻蜥蜴是那種爬山常看到的蜥蜴出現在士林區的柏油路上的確有點奇怪我站在牠的2公尺外想著要怎麼把牠趕到路邊的草叢裡在柏油路上車子很多很危險我站在那裡猶豫了3秒看到剛剛老夫婦的那位先生也走過來我猜他也想把蜥蜴趕到安全的地方吧說不定他還敢徒手抓蜥蜴呢就在這時兩台摩托車突然經過蜥蜴閃過了第一台摩托車就在我感到慶幸時第二台摩托車直接把牠碾斃牠的身體還微微地抽動著有點能體會人家說的人生跑馬燈是什麼意思在那一瞬間世界真的慢了下來像是用了0.5倍速播放然後我就快速地走回家因為感覺情緒快潰堤了為什麼偏偏讓我看到這種事為什麼我動作這麼慢我在猶豫什麼早個十秒把牠趕到路邊就不會發生這種事了不是只是一隻蜥蜴嗎？有什麼好哭的想想加薩走廊的那些人他們更慘你怎麼沒為他們哭？你已經三十幾歲了為什麼還像個小孩子一樣脆弱？終於到家了我拿出鑰匙轉開門鎖開門關門然後灘在地上大哭這個世界有很美好也有很悲傷的一面我很感恩我還能過著平凡幸福的普通日子但對於那些不幸我能做什麼呢？,"1,745",36則留言
我是查理 I'm Charlene,2023年12月31日,2023年的最後一天期許明年的自己變成一個更灑脫、更自在的人我發現自己常常擔心、焦慮（比如說移民、買房這種事）但如果退遠一點看發現人生其實沒必要「太認真」怎麼樣都還是過得下去現在有的煩惱都是奢侈的煩惱我期許自己像玩RPG遊戲一樣隨心所欲、盡興地活出最有趣的一生已經準備好迎接更棒的2024了！新年快樂,"3,602",44則留言
我是查理 I'm Charlene,2023年1月28日,J說很喜歡我穿浴衣喜歡到說要買一套回台灣給我穿,"2,512",34則留言
我是查理 I'm Charlene,2022年12月21日,尋麻疹讓我悟到的人生道理最近莫名尋麻疹大爆發不只是身體有點癢癢而已而是像是有萬隻蟲在你皮膚表層下鑽又熱又癢癢的地方有一萬點！最後那些癢點全部腫起來連成一整片丘疹這片丘疹會讓人失去理智、狂打自己發作的地方真的覺得這可以當作古代的一種酷刑給犯人吃下高劑量尋麻疹藥丸完全不用打就會招了反正我就這樣度過了兩個痛苦的夜晚每晚就是腹式呼吸法+冥想把自己當作修行的僧侶不去抓不去理會這個癢才能入睡（但在入睡前已經狂抓+經歷過幾次心理崩潰）第三天終於受不了衝去醫院打針拿藥晚上癢的情形改善很多我也用同樣的方法觀察我的身體發現癢的地方大概有四個點我一直把注意力放在這幾個癢點上覺得又癢又想抓但明明跟前兩天那種萬蟲鑽身的痛苦比已經好很多了我到底為什麼還是因為這幾個小癢點而睡不著？！這讓我想到我的生活我的生活明明吃飽穿暖不用擔心流落街頭喝西北風但常常喜歡把注意力放在那幾件讓人不痛快的事情上什麼酸民攻擊啦、工作壓力大啊、買不到房啊等等已經放太多注意力在這我應該要從整體看自己以前的痛苦都撐過來了現在遇到這些都是小事就只是幾個癢點就靜心接受讓它過不要崩潰狂抓只會抓到破皮只要轉移注意力到那些讓人覺得舒服的地方「昨天大腿腫成一片，現在竟然變平了！」「以前要住在充滿蟑螂老鼠的環境，現在住的環境很乾淨很美很綠！」不要給壞事太多注意力，專注在好事上。繼續做該做的事、走想走的路，壞事自然會失去他的重要性。（此處我並沒有說壞事會遠離，因為有些壞事一直在那不是我們能決定的，我們能決定的只有該放多少注意力在上面。）除此之外還有另一件小事去看醫生的時候打了一針醫生開了不輕劑量的類固醇給我（他說一顆等於打一針的劑量）也開了抗組織胺和胃藥交代了什麼不能吃最後醫生說：「最重要的是多喝水。這些藥只是讓你不癢，無法解決根本的問題。要多喝水身體才能代謝掉體內毒素。」平常身邊的朋友說要多喝水我都當成耳邊風直到醫生鄭重其事宣布多喝水的重要性才開始狂灌2000cc親朋好友：「不是早就跟你說了嗎？」,"2,595",96則留言
我是查理 I'm Charlene,3月16日下午9:42,照片裡的小男孩我們大家一致認為他前途不可限量就因為他送了我一串香蕉事情是這樣的我們到中高年級的班上講一些鼓勵的話叫大家好好念書什麼的但我上台真的不知道講什麼我就隨便說了句：「我喜歡吃你們這裡的香蕉」跟台灣的香蕉不一樣酸酸甜甜的烤出來超好吃結果他隔天就帶了一串那種香蕉給我在海倫的盤問下才發現原來他根本不是中高年級的學生他是低年級的學生偷偷跑到中高年級的班上想聽我們說了什麼然後把我隨口說的一句話放在心上送了香蕉給我而我也回送了他文具組（鉛筆橡皮擦削鉛筆機）用一串香蕉換到這些真的值了！（因為這些文具在烏干達很貴）覺得他好聰明（朋友說以後應該很會把妹）,"8,135",38則留言
我是查理 I'm Charlene,2023年6月6日,工作時的真實對話攝影師是不是太誠實了拍洗面乳當然要全素顏才有誠意啊但全素顏又怕會嚇到你們真的很兩難freeplus 溫和淨潤洗面乳是日本Kanebo旗下保養品牌且對敏感肌友善無酒精、無香料、無色素、無paraben 防腐劑、無增稠劑在他還是舊版的時後我就推薦過多次了是很好用的開架胺基酸洗面乳（敏弱肌也可以用喔！）添加88%*高濃度胺基酸洗完臉很乾淨又舒服不會太乾太緊繃也不會洗完滑滑的真的是每個人都一定要嘗試的洗面乳！洗完真的會愛上自己的臉新品優惠折扣中 https://pse.is/4wlwr3#freeplus #溫和淨潤洗面乳 #我的必備肌本款*88%為胺基酸洗淨成分含量,807,12則留言
我是查理 I'm Charlene,2023年4月26日,一個人的旅行峇厘島瑜伽放空之旅vlog,827,8則留言
我是查理 I'm Charlene,2023年8月31日,在台灣的時候常常覺得工作很多、壓力很大、喘不過氣常常幻想在大自然裡休息到了瑞典以後每天都有美景可看但又開始想念各種台灣美食和炎熱的天氣仔細想想覺得自己這樣的個性就是不知足這樣不管到哪裡都不會快樂的我的人生課題就是「知足」二字！說起來很容易，做起來很難,"3,014",20則留言
我是查理 I'm Charlene,2023年3月13日,新學到的減齡拍照姿勢：蹲下來雙手捧臉果然少女感滿滿（23歲的小幫手教我的）不然我都擺一些很老氣的姿勢例如正面站好比,"6,388",42則留言
我是查理 I'm Charlene,2022年12月7日,阿嬤91阿公95我是個幸福的孫子,1.3 萬,90則留言
我是查理 I'm Charlene,2023年7月5日,最近最開心的事就是終於變瘦了！看到努力有了成果真的好感動這次變瘦的方法跟我以前用的不太一樣以前都是激烈不吃澱粉瘦很快但也很快復胖這次是慢慢變瘦的一個月大概瘦2-3公斤我沒有特別量體脂但褲子的確有變鬆以下提供我的方法1. 每週重訓一次，重訓一小時後，有氧30分（是的你沒看錯，我一週只運動一次）2. 每天一定會攝取足量蛋白質，自己的體重x1.2就是每天至少要吃的蛋白質克數。吃蛋白質可以增加身體燃燒的熱量，而且也不容易餓，比較不會吃完還想亂吃零食。3. 控制每天吃的熱量在基礎代謝附近。我會大概算一下吃進肚子的食物熱量，絕對不會高於基礎代謝太高。有時候嘴饞還是會吃小零食，但都是熱量低的零食。比如有次半夜我很想吃雞排鹹酥雞，但查了一下熱量，500-600卡，要跑步2-3小時才能消耗，我就不想吃了。4. 一週還是可以放縱自己吃2-3餐熱量高的食物或是甜點。吃得太飽以後我會去散步。我喜歡散步，因為這是最輕鬆的變瘦方法，走個15-30分鐘就能燃燒一點熱量。可以邊走邊聽音樂、聽podcast（我喜歡變走邊和J講幹話），時間一下就過了。5. 我還是會吃澱粉，地瓜或飯都會吃，儘量吃健康的原型食物，最喜歡吃能量小姐的便當，算是健康便當裡很好吃的了。以上是我的經驗，不一定是正確的，只是適合我，而且我覺得很舒服不會太痛苦。以前嘗試的方法太極端、太嚴格，根本無法堅持。這個方法很容易，不會餓肚子，主要就是控制吃進去的食物和熱量而已。就算有時候吃太多了趕快去散步一下燃燒熱量就好。希望大家都一起健健康康的,"4,213",24則留言
我是查理 I'm Charlene,2023年5月11日,剪髮啦 髮型師幫我剪宋慧喬同款,202,2則留言
我是查理 I'm Charlene,2023年4月18日,一個人的瑜珈之旅每天9點上一個半小時的瑜珈上完空腹喝杯西芹汁吃能量碗下午就去上冥想課、看書、喝咖啡或去按摩昨天還去逛了水晶石頭店太舒服了,"3,238",43則留言
我是查理 I'm Charlene,2023年4月2日,帶上一本書開車來到山上的咖啡廳曬太陽 玩貓 看書沒想到這間咖啡廳竟然只有我一個人意外包場了喜歡清幽的人也可以去走走真的很怕店家倒店耶,"1,485",6則留言
我是查理 I'm Charlene,2023年7月28日,夏天的斯德哥爾摩真的很舒服20度左右的天氣搭上大太陽這就是我的Jet Set 幸福日洋裝、包包 Michael Kors#mila #HowIJetSet #遨遊世界,"1,723",17則留言
我是查理 I'm Charlene,2023年5月1日,和阿公阿嬤一起度過快樂的時光多虧了 @jonas.tjd 真的對阿嬤好有耐心看了好感動還陪我帶他們去醫院兩次毫無怨言真的覺得嫁對人看到兩老都開心我也覺得暖暖的這樣的時光過一次少一次啊,"5,741",31則留言
我是查理 I'm Charlene,2022年12月15日,今天的特別來賓——小黑～真的好黑好難拍哦不過聖誕節還是要幫忙工作賺罐罐啦感謝小黑乾媽歐舒丹提供超可愛的聖誕吊飾彩球小屋和護手霜組合這個聖誕節真是太幸福啦！不到千元就能收集多款經典明星商品讓你聖誕節送禮絕不踩雷繽紛手霜分享組一次集齊6種味道的護手霜！每個包裝都超可愛這個我留著自己用捨不得送人太喜歡歐舒丹護手霜了含乳油木成分能滋潤雙手而且味道都很舒服尤其是這麽多口味結合在一起繽紛乳油木護手霜 繽紛乳油木金黃拿鐵舒芙護手霜（節慶限量，像鍋煮香料奶茶般的療癒香氣）洋梨玫瑰護手霜（也是節慶限量版本，男女都愛的清新花果香！）櫻花護手霜 馬鞭草護手霜 杏仁護手霜 冬天隨時都會感覺手乾，小ml數能夠隨身攜帶！小廢包也裝得下！還有可以當作聖誕吊飾的繽紛彩球小屋也有五種味道可以選最經典的乳油木、櫻花、馬鞭草一定要入手啊！裡面就是沐浴、身體乳和護手霜的組合也是實用到不行！大家可以試試用Line送禮真的好方便不用見面也不用郵寄就可以直接把禮物送到對方手上推薦送給那些太忙碰不到面的朋友現在買還有LINE點數20%回饋哦#歐舒丹 #LOccitane #歐舒丹送進心坎禮 送禮首選：https://lin.ee/4eGFkoe/wprsL'OCCITANE en Provence,403,3則留言
我是查理 I'm Charlene,2022年11月8日,這兩套穿搭你們喜歡哪一套？我自己很喜歡大學T那套看起來好年輕姐姐今年大學剛畢業哦也是我第一次嘗試白色厚底靴終於了解為什麼厚底鞋會紅起來因為穿起來腿超爆細！！！！而且底很厚看起來也比較高不要擔心會很重這雙超輕的！走起路來完全沒負擔好感俏皮．撞色車線厚底綁帶短靴另一雙就是所有女生都要有的短靴去韓國一天走十公里就是穿它耶好走好穿又顯瘦美麗零死角．素面方頭高跟瘦瘦靴而且D+AF這兩雙鞋我穿完全沒有磨腳的問題也完全沒有長水泡什麼的超讚穿搭款https://dafshoes.com.tw/ttIap11/8-11/12  D+AF雙11全館5折起https://dafshoes.com.tw/sJSnh,"1,498",15則留言
我是查理 I'm Charlene,2023年6月10日,出門的時候，你化妝包一定會帶哪樣彩妝？我一定一定會帶唇膏因為沒擦唇膏看起來氣色真的很差很像快暈倒最近喜歡在小紅書很紅的Sisley 植物閃耀水潤光唇它是非常水潤保濕光感的唇膏是一貫的Sisley貴婦價格一開始我還懷疑為什麼它這麼貴但擦了幾次以後發現它有一個別人沒有的優點一般的保濕唇膏掉色以後可能嘴巴又開始乾了但Sisley 這支唇膏就算掉色以後嘴巴還是超級保濕嘟嘟的而且擦了以後唇紋會比較不明顯非常神奇！效果根本比護唇膏還要好因為裡面添加了頂級植物潤唇霜讓你擦唇膏的同時也在保養越擦唇紋越不明顯！嘴唇乾或是唇紋深的人我大推這支！（我最愛12號可可奶茶色）6/15-6/21下單享養膚禮2件組 查理專屬再享卸妝液30ml>>https://bit.ly/45TjH2x立即填單先試再買>>https://bit.ly/3qLulsjSisley Paris#Sisley保養系彩妝 #植物閃耀水潤光唇膏 #潤唇霜口紅 #一抹隱形唇紋#女神水潤光 #植物精華唇膏,815,8則留言
我是查理 I'm Charlene,2023年8月3日,今天是我第一次自己做肉桂捲以前J媽或J嬤會跟我一起做但這次我説想自己做做看結果光是揉麵團就揉了30分鐘⋯我問J媽到底要揉多久才好？（崩潰她說她平常10分鐘就揉好了看到我有點沮喪J媽安慰我說：「我做這麼快是因為我只把這個當作一個待辦事項，所以想趕快做完。但是你是在享受這件事，所以不一樣。」聽完覺得J媽的情商真的好高哦！難怪J也這麼會講話總之是手已經「鐵手」但很滿足的一天,"8,202",58則留言
我是查理 I'm Charlene,2023年11月21日,最近愛用的早c晚a保養品來了！早上很簡單，每天就是那3瓶城野醫生VC100精華水— 修麗可CE精華—pony妝前防護乳晚上按照順序是Innisfree 綠茶精華—A醇—雅漾B3霜—眼霜A醇那個步驟，我一週會換成1-2次的理膚寶水三重酸精華A醇我用最多的是Innisfree 的因為它濃度最低最溫和但還是看得到效果主要是針對粉刺、肌膚變平滑的部分很有感用了一陣子我才開始換成契爾氏A醇（濃度0.1%）這瓶主要是撫紋、抗老比較有感然後一週1-2次會把A醇這個步驟換成三重酸精華對於去粉刺痘痘很有感！以上就是我的早C晚A保養步驟,"1,745",28則留言
我是查理 I'm Charlene,2023年9月23日,因為J喜歡游泳他幾乎每天都會去游泳池游3公里（泳渡日月潭的距離）在耳濡目染之下我覺得自己不能再這樣廢下去了就去我家的游泳池游了一次游完以後我：「天啊！我今天竟然用自由式游了6趟！我竟然會換氣了，好感動」J：「你進步很多，很棒！」我：「6趟是多遠啊？」J：「大概300公尺。你游了多久？」我：「半小時吧！」J：「你知道300公尺我要游多久嗎？」我：「我不想知道。」J：「我大概5分鐘就能游完。」我：「#%^+¥£*#（髒話消音）」@jonas.tjd,"4,078",44則留言
我是查理 I'm Charlene,2023年5月30日,我的老公今天和別人心電感應了…今天早上J問我這句話的中文怎麼講？How’s the impact of typhoon there?我：「你要問誰？」J：「我想問海仁他們在綠島怎麼樣。」3秒後J：「天啊！海仁剛剛傳訊息給我，說他要送我一件衣服！」我：「就在剛剛你和我說話的時候嗎？」J：「對啊！我們同時在想著對方」我：「….」該慶幸跟他有心電感應的人是個男生嗎？Ps. 海仁是J的潛水教練，J對他讚不絕口，一直說他是一個可靠的男人，可以把自己的命交給他話說我自己心電感應的經驗是和前男友，好幾年前，已經分手後，卻忽然同時傳訊息給對方，我在台灣，他在加拿大。真的很玄你們有心電感應的經驗嗎？,"1,372",7則留言
我是查理 I'm Charlene,2023年4月23日,從峇里島飛回來看動力火車的演唱會聽到當和彩虹的時候真的一直掉眼淚能聽到他們好幸福（謝謝給我票的你）,"5,762",31則留言
我是查理 I'm Charlene,2023年3月20日,最近的我很想隱居很想去峇里島學瑜珈去西藏旅行去尼泊爾爬山最近又重新開始看房看的地點是山上但山上的缺點就是可能過幾年後價錢下跌很難賣理智告訴我還是地點好的地方比較保值但感性又想住山上好難啊,"3,326",87則留言
我是查理 I'm Charlene,1月28日,冬天的湖結冰本來要坐船才能到小島上現在可以直接走過去我還滑倒真實的心情依然在最後一張照片,"2,134",24則留言
我是查理 I'm Charlene,2023年10月21日,疫情前曾經去過京都的一家日本茶房可以一邊喝抹茶一邊坐在一整片窗前觀賞日式庭園景觀但是這次去京都時卻發現那間茶房關了只好在網路上找了這個地方有美麗的日式庭園景觀但是喝茶的地方挺小的抹茶也普普通通但是楓葉季時應該會很美吧,459,3則留言
我是查理 I'm Charlene,2023年7月5日,最近最開心的事就是終於變瘦了！看到努力有了成果真的好感動這次變瘦的方法跟我以前用的不太一樣以前都是激烈不吃澱粉瘦很快但也很快復胖這次是慢慢變瘦的一個月大概瘦2-3公斤我沒有特別量體脂但褲子的確有變鬆以下提供我的方法1. 每週重訓一次，重訓一小時後，有氧30分（是的你沒看錯，我一週只運動一次）2. 每天一定會攝取足量蛋白質，自己的體重x1.2就是每天至少要吃的蛋白質克數。吃蛋白質可以增加身體燃燒的熱量，而且也不容易餓，比較不會吃完還想亂吃零食。3. 控制每天吃的熱量在基礎代謝附近。我會大概算一下吃進肚子的食物熱量，絕對不會高於基礎代謝太高。有時候嘴饞還是會吃小零食，但都是熱量低的零食。比如有次半夜我很想吃雞排鹹酥雞，但查了一下熱量，500-600卡，要跑步2-3小時才能消耗，我就不想吃了。4. 一週還是可以放縱自己吃2-3餐熱量高的食物或是甜點。吃得太飽以後我會去散步。我喜歡散步，因為這是最輕鬆的變瘦方法，走個15-30分鐘就能燃燒一點熱量。可以邊走邊聽音樂、聽podcast（我喜歡變走邊和J講幹話），時間一下就過了。5. 我還是會吃澱粉，地瓜或飯都會吃，儘量吃健康的原型食物，最喜歡吃能量小姐的便當，算是健康便當裡很好吃的了。以上是我的經驗，不一定是正確的，只是適合我，而且我覺得很舒服不會太痛苦。以前嘗試的方法太極端、太嚴格，根本無法堅持。這個方法很容易，不會餓肚子，主要就是控制吃進去的食物和熱量而已。就算有時候吃太多了趕快去散步一下燃燒熱量就好。希望大家都一起健健康康的,"4,213",24則留言
我是查理 I'm Charlene,2023年11月1日,一個月內去了兩次韓國、一次京都最後再抽空回埔里看阿嬤阿嬤今天臉臭因為她覺得自己的髮型很醜果然女人不管到幾歲還是很在意自己的外表,"4,713",24則留言
我是查理 I'm Charlene,2023年6月21日,最近的新聞讓人感到沮喪但是別忘了這個世界還是有美好的一面每次翻開達賴喇嘛的書都會從中得到力量真的非常神奇會覺得心中充滿愛而且會想把這些愛也分享給在乎的人我不是藏傳佛教徒但已經被他的文字救贖了好多次這本書是繪本大概20分鐘就能看完但從中得到的力量卻是無限的#查理愛書推薦#從心開始,"4,099",56則留言
我是查理 I'm Charlene,2023年7月19日,在瑞典餐廳點了這杯酒結果被店員要求出示身分證因為她懷疑我未滿18歲我充滿笑容地遞給店員我的護照阿姨已經30幾歲了哦I'm Jonas,"7,472",43則留言
我是查理 I'm Charlene,2023年2月3日,很多人都覺得外國人容易長得比較臭老一點我自己是不在意但J很擔心會不會再過幾年跟我出去的時候會被當作是父女所以晚上我在擦保養品的時候他就會說：「不管你在擦什麼都給我來一點」所以J到現在狀態還是維持得很不錯最近天冷我擦的就是我最愛的韓國保養品牌雪花秀喜歡到還自己掏錢買（明明家裡的保養品一堆）但真的太好用了咩之前在韓國做過一次雪花秀旗艦店的spa就變成鐵粉皮膚變成會反光的水光肌立馬結帳買了 #滋陰蔘回彈霜強烈推薦30歲以上的乾肌用看看這瓶有雪花秀專利成分滋陰蔘賦活極萃從人蔘中萃取出來的精華可以讓皮膚更加緊實有彈力我自己用完的感覺是保濕度非常棒早上起床後完全吸收看起來像睡得很飽皮膚緊實飽滿有光澤（不是油光）冬天的時候超愛擦這瓶味道也是我愛的漢方人蔘味擦起來很療癒乾肌一定會愛慘！早上睡醒狂照鏡子驚呼真的太神奇了另一瓶精華「#滋陰蔘緊膚晶萃」同樣添加了專利成分滋陰蔘賦活極萃味道也是雪花秀好聞的漢方人蔘味質地保濕滋潤但不會黏偏乾肌擦起來很舒服用了一陣子最大的感覺就是皮膚摸起來變細了有時候皮膚不好摸起來會很粗糙不平但我用它以後摸自己的臉發現皮膚細緻度提升了變得比較平滑而且嫩推薦大家去領試用版用用看！官網填單兌換體驗組: https://bit.ly/3XR227i官方販售通路: 百貨專櫃/官方網站/MOMO/蝦皮旗艦店 Sulwhasoo#雪花秀 #Sulwhasoo #即刻拉緊人蔘0距離,"1,411",14則留言
我是查理 I'm Charlene,2022年12月19日,現在 vs. 三年前第二張照片是2019/12/08拍的還記得當時在這個陽台上看鯨吞億萬看到捨不得出門這是我們待過最喜歡的飯店但沒幾個月過後疫情就開始了3年後終於舊地重遊很開心飯店沒倒！服務還是一樣好唯一改變的就只有我確診後身體爛掉而已過敏吃類固醇不能喝酒不能吃堅果香蕉芒果鳳梨蝦子再見了冬陰功湯香蕉煎餅芒果糯米鳳梨炒飯,773,12則留言
我是查理 I'm Charlene,2023年5月9日,甜系vs. 辣系，你喜歡哪一個？我覺得辣系好難哦因為要露這露那除了辣還要自律耶不像甜系可以穿洋裝遮肚子甜系腳上穿的是近期很流行的瑪莉珍鞋穿上立馬變成乖乖女感覺再搭配蕾絲襪就立馬回到小學！（有人小時候也有穿過那種花朵蕾絲襪子嗎？好懷念哦）辣系腳上穿的是4cm厚底懶人帆布鞋這雙懶人鞋我有一雙白色一般底款真的很方便耶我通常都是出門倒垃圾、去超市、領包裹的時候穿一穿就能出門厚底款更顯高而且懶人鞋的設計可以露出腳跟看起來更顯腿長這雙鞋我都是在家裡附近活動時穿如果要走遠路、跑跑跳跳的話建議還是穿球鞋哦D+AF現在有母親節活動全館五折起快去逛逛https://daf.shoes/ZuFge 復古女伶．花形金釦方頭瑪莉珍 樂活主題．休閒帆布厚底穆勒鞋,789,19則留言
我是查理 I'm Charlene,2022年11月18日,前幾天找整理師來整理房間我：「我東西是不是很多？」她：「跟我其他客戶比起來其實還好。」我：「真的嗎？你不覺得我衣服很多嗎？」她：「是你的衣櫃太小所以衣服才會炸出來。」我：「但我快搬家了所以不想花大錢買新的衣櫃和儲物櫃。」她：「推薦你買IKEA的吊衣桿，才499，可以掛那些穿了一次還不用洗又不想放進衣櫃的衣服。」通常我都把這些衣服堆在椅子上，看起來真的很邋遢，原來這個問題499就能解決了。立馬衝來IKEA,"2,813",61則留言
我是查理 I'm Charlene,2月11日,大家新年快樂呀昨天煮了一桌子菜結果還沒拍照就被吃了一張照都沒拍到這個新年買了車開始幫小黑織一件衣服好期待織好以後的樣子,"2,839",18則留言
我是查理 I'm Charlene,2023年12月5日,全臉開架彩妝韓國爆紅Lilybyred,65,3則留言
我是查理 I'm Charlene,2023年5月1日,和阿公阿嬤一起度過快樂的時光多虧了 @jonas.tjd 真的對阿嬤好有耐心看了好感動還陪我帶他們去醫院兩次毫無怨言真的覺得嫁對人看到兩老都開心我也覺得暖暖的這樣的時光過一次少一次啊,"5,741",31則留言
我是查理 I'm Charlene,2023年9月29日,中秋節快樂這個中秋最難的就是告訴阿嬤我要移民去瑞典這件事不過我跟阿嬤說完以後她沒有什麼特別的反應只說：「我要去廚房切筍子了。」我：「我再兩小時就要回台北了耶，你要去切筍子嗎？」阿嬤：「那我在客廳切。」所以我就在客廳看她切筍子切了好久,4.6 萬,342則留言
我是查理 I'm Charlene,2023年8月15日,瑞典森林裡的菇菇特輯,"3,813",51則留言
我是查理 I'm Charlene,2023年3月8日,這陣子因為荷爾蒙的關係所以情緒很低落Jonas竟然破天荒地說：「要不要我去斯德哥爾摩買香奈兒給妳？」你們猜我怎麼回答？我：「不用了，我最近對貴的東西沒興趣。」結果他嚇歪，叫我再說一次他想錄音起來以後我買包的時候重複播放,"9,044",59則留言
我是查理 I'm Charlene,2022年11月1日,大概一個月前得了新冠雖然好了但我發現常常吃東西吃到一半還是會失去味覺和嗅覺然後就會慌張地去做快篩顯示陰性這是新冠的後遺症嗎？有人也是這樣嗎？Ps. 今天全身都是韓國戰利品（包包除外）在韓國拍了好多影片還在努力剪片中,551,27則留言
我是查理 I'm Charlene,2023年11月12日,跟大家分享我昨天遇到的事走在路上時，看到迎面而來的老夫婦一直低頭看地上的某個東西我也隨著他們的目光想知道他們在看什麼結果原來是一隻蜥蜴是那種爬山常看到的蜥蜴出現在士林區的柏油路上的確有點奇怪我站在牠的2公尺外想著要怎麼把牠趕到路邊的草叢裡在柏油路上車子很多很危險我站在那裡猶豫了3秒看到剛剛老夫婦的那位先生也走過來我猜他也想把蜥蜴趕到安全的地方吧說不定他還敢徒手抓蜥蜴呢就在這時兩台摩托車突然經過蜥蜴閃過了第一台摩托車就在我感到慶幸時第二台摩托車直接把牠碾斃牠的身體還微微地抽動著有點能體會人家說的人生跑馬燈是什麼意思在那一瞬間世界真的慢了下來像是用了0.5倍速播放然後我就快速地走回家因為感覺情緒快潰堤了為什麼偏偏讓我看到這種事為什麼我動作這麼慢我在猶豫什麼早個十秒把牠趕到路邊就不會發生這種事了不是只是一隻蜥蜴嗎？有什麼好哭的想想加薩走廊的那些人他們更慘你怎麼沒為他們哭？你已經三十幾歲了為什麼還像個小孩子一樣脆弱？終於到家了我拿出鑰匙轉開門鎖開門關門然後灘在地上大哭這個世界有很美好也有很悲傷的一面我很感恩我還能過著平凡幸福的普通日子但對於那些不幸我能做什麼呢？,"1,745",36則留言
我是查理 I'm Charlene,2023年10月17日,旅行的時候我喜歡去一些冷門景點人比較少也更自在京都衹王寺就是其中之一小小的但是長滿了青苔身為重度青苔愛好者非常喜歡這裡等到楓葉季時一定更美上次說的老奶奶餐廳就在這附近餐廳叫Jurakuan但這兩處都不是「超美超好吃」、「必去」的地方哦因為我喜歡的東西好像就是比較平凡一點我覺得很美的京都腳踏車之旅也被你們說成南投菜園,"1,968",17則留言
我是查理 I'm Charlene,2023年10月5日,今天的我，被日本人救贖了！今天從台北飛京都剛到京都的飯店就發現我的手機不見了⋯⋯沒錯，又不見了！兩年前我把手機忘在機場這次我把手機忘在計程車上發現的時候計程車司機早就開走了我在飯店跟櫃檯人員反應的時候腦子一片空白接下來還要去韓國出差該怎麼辦啊結果過不到10分鐘他們大廳人員滿臉笑容地說：剛剛計程車司機開車幫我把手機送回來了！我馬上問司機還在不在，我要去跟他下跪！真的太感謝他了！但飯店人員說他送回手機就走了嗚，真的很謝謝司機，完全不求回報，我連一聲謝謝也沒機會說J：「如果在瑞典，你的手機絕對找不回來。」感謝好心的日本司機,"7,483",50則留言
我是查理 I'm Charlene,3月7日下午9:24,搬到瑞典後感覺像在過退休生活懶洋洋的不想工作所以本來不想接這個保養品試用的（懶到極致）但是公關一直說這瓶多好用多好用、在歐洲賣超好、一定要用用看所以我就開啟了試用之路比較特別的是LUMINOUS630淡斑煥白系列主要的美白淡斑成分不是我們常見的那些菸鹼醯胺、傳明酸、熊果素那些而是妮維雅自己研究出來的成分「LUMINOUS630」是他們研究了10年，從50000種中找到表現最好的編號630美白成分這個獨家專利美白成分有被衛福部認證所以大家可以相信它的效果#L630淡斑精華就是歐洲上市銷售第一的美白淡斑精華成分除了LUMINOUS630之外還加了維他命C、維他命E、玻尿酸改善斑點暗沉的同時，還能補水保濕用起來的感覺是雖然是淡斑精華但我覺得有到乳液的滋潤度保濕度很強味道香香的實驗證實敏感肌可用皮膚感覺是整體的透亮感有提升最明顯的是素顏拍照的時候蘋果肌的地方笑起來會亮到反光真的有點扯而且皮膚細緻度也有提升經研究發現這瓶最強的是對抗黃褐斑或是如果有痘疤瑕疵也可以用這罐解決同系列還有 #L630亮眼霜除了專利美白成分LUMINOUS630外還添加了咖啡因子、維他命C兩大成分對抗黑眼圈再加玻尿酸讓眼周明亮同時保濕#L630封白霜質地是凝凍狀乳木果油和小分子玻尿酸用起來不會厚重黏膩蠻適合混合肌到乾性肌膚使用的趁現在打折這瓶妮維雅全新推出的L630淡斑精華剛好可以千元拿下哦也可以搭配L630淡斑煥白3步驟做更完整的淡斑美白保養！L630亮眼霜>L630淡斑精華>L630封白霜還有momo X 妮維雅獨家優惠，限量送美容棒 https://reurl.cc/13LRgV#妮維雅 #L630淡斑精華 #LUMINOUS630#綻放無瑕淨白光 #L630 #敏感肌適用 NIVEA,956,2則留言
我是查理 I'm Charlene,2023年3月9日,你們喜歡今天這種主題的影片嗎？怕一般化妝太無聊所以加上一點小挑戰,152,1 則留言
我是查理 I'm Charlene,2022年10月27日,因為年紀越來越大很怕皮膚越來越差、越來越垮各種醫美（音波電波皮秒等等）我都嘗試過好多次錢花了很多卻覺得效果越來越不明顯所以又回到最基本的老方法注意吃進肚子裡的東西、運動、良好的生活習慣還是天天認真擦保養品最近在保養過程中加入了刮痧的步驟除了很舒服紓壓以外水腫的情形也能稍稍改善刮痧的時候喜歡搭配伊麗莎白雅頓的白茶雙效修護精華上層是白茶精油 下層是白茶萃取物和彩虹海藻精華雖然有含油的成分卻非常清爽質地像水一樣流動性很高完全沒有想像中的油膩感用它搭配刮痧板非常剛好刮完臉變得很亮很緊實味道也很好聞刮完痧以後如果比較偏乾肌的人可以再擦上白茶賦活水凝霜這個霜我超喜歡！擦的時候裡面的微珠一顆一顆爆開，有夠療癒！添加可使肌膚明亮的歐白芷根萃取物保濕度很夠還可以當凍膜使用我自己喜歡拿來擦在頸部因為我頸紋比較深擦這個霜很舒服質地水潤不黏但滋潤度又很夠對於乾紋細紋改善很有感~我想乾肌會很愛這個產品敏感肌也適合想要嘗試刮痧的人非常推薦搭配這兩個產品讓臉又彈又亮最近百貨周年慶這兩款都有限定優惠這時候買還送同系列的眼膠5ml+白茶香水10ml推薦大家全台百貨專櫃/官網線上購物/MOMO/YAHOO都買得到喔免費兌換試用包 http://www.jag-campaign.com/arden202208/#白茶雙效修護精華 #白茶小方瓶 #白茶賦活水凝霜 #白茶小凝磚 #伊麗莎白雅頓 #ElizabethArdenTaiwan,507,7則留言
我是查理 I'm Charlene,2023年10月30日,首爾最喜歡的地方應該就是三清洞了吧剛好銀杏變黃好浪漫啊很悠閒而且有好多咖啡廳走在路上就像拍韓劇一樣,"1,698",7則留言
我是查理 I'm Charlene,2023年4月27日,之前確診過後頭髮一直掉後來開始打排卵針頭髮也掉本來我沒注意是髮型師在幫我洗頭的時候才說：「你頭髮好像變少了耶⋯⋯」我認真回想以前綁頭髮綁兩圈就夠緊現在要綁三圈果然是頭髮變少了立馬開始更認真擦頭皮保養精華！之前我拍過一支頭髮保養的影片裡面推薦過這瓶Sisley賦活重升髮精華我都是洗頭完會擦這瓶在頭皮上一次大約使用一管的量滴在頭皮上再用指腹按摩我用過不同牌子的頭皮精華Sisley 這瓶的優點是質地很清爽有些質地會黏黏的搞得頭髮也黏但這瓶沒有這個問題水狀質地擦起來還有點微微涼感味道也好聞不會臭臭的也不會太香只是頭皮精華就是要堅持使用幾個月才能看見效果我現在用了半瓶左右頭頂有長出一些小細毛用它按摩完頭皮吹乾頭髮頭髮也會變得比較蓬鬆我會繼續用完這瓶重新變回髮量王者母親節Hair Rituel全館9折https://bit.ly/3N2JNcCHair Rituel by Sisley#百大頂級設計師聯名推薦 #養髮神器 #賦活重升髮精華,839,6則留言
我是查理 I'm Charlene,2023年8月23日,今天和J和J媽一起去划船我：「欸，這時候就可以問，如果我跟你媽掉進水裡，你會救誰？」J：「當然是救你啊，你又不會游泳。」J媽：「對啊，我會游泳，不用他救。」我：「我就廢」,"7,366",42則留言
我是查理 I'm Charlene,2023年11月21日,最近愛用的早c晚a保養品來了！早上很簡單，每天就是那3瓶城野醫生VC100精華水— 修麗可CE精華—pony妝前防護乳晚上按照順序是Innisfree 綠茶精華—A醇—雅漾B3霜—眼霜A醇那個步驟，我一週會換成1-2次的理膚寶水三重酸精華A醇我用最多的是Innisfree 的因為它濃度最低最溫和但還是看得到效果主要是針對粉刺、肌膚變平滑的部分很有感用了一陣子我才開始換成契爾氏A醇（濃度0.1%）這瓶主要是撫紋、抗老比較有感然後一週1-2次會把A醇這個步驟換成三重酸精華對於去粉刺痘痘很有感！以上就是我的早C晚A保養步驟,"1,745",28則留言
我是查理 I'm Charlene,2023年5月9日,甜系vs. 辣系，你喜歡哪一個？我覺得辣系好難哦因為要露這露那除了辣還要自律耶不像甜系可以穿洋裝遮肚子甜系腳上穿的是近期很流行的瑪莉珍鞋穿上立馬變成乖乖女感覺再搭配蕾絲襪就立馬回到小學！（有人小時候也有穿過那種花朵蕾絲襪子嗎？好懷念哦）辣系腳上穿的是4cm厚底懶人帆布鞋這雙懶人鞋我有一雙白色一般底款真的很方便耶我通常都是出門倒垃圾、去超市、領包裹的時候穿一穿就能出門厚底款更顯高而且懶人鞋的設計可以露出腳跟看起來更顯腿長這雙鞋我都是在家裡附近活動時穿如果要走遠路、跑跑跳跳的話建議還是穿球鞋哦D+AF現在有母親節活動全館五折起快去逛逛https://daf.shoes/ZuFge 復古女伶．花形金釦方頭瑪莉珍 樂活主題．休閒帆布厚底穆勒鞋,789,19則留言
我是查理 I'm Charlene,2023年10月22日,"最近我身邊的朋友一直嚷嚷：好想談戀愛哦～我：「你怎麼每到秋冬就想談戀愛？」友：「因為天氣冷了就想找個人來取暖啊！」我：「穿厚一點不行嗎？」（這個直男發言？？）我身上這件Nike絨毛外套就超厚的啊像泰迪熊一樣超保暖就像有人抱著你就算寒流來單身也沒關係了啦加上這個秋天楓葉色真的太可愛了腳上的跑鞋是Nike Revolution 6超輕超好穿不只可以穿著運動逛街走幾萬步也沒問題各大百貨週年慶NIKE門市指定款式6折起這件絨毛外套跟跑鞋一起帶走剛好$3,050!!買更多還有消費滿額禮滿5,800元，即贈Nike兒童後背包滿7,200元，即贈Nike旅行袋滿12,800元，即贈Nike後背包#Nikeootd #好動狂歡慶",775,3則留言
我是查理 I'm Charlene,2月4日,週末去湖上滑冰玩的是一種叫Spark的車有點像滑板車但是是在冰上踢的影片放在留言處,"1,483",5則留言
我是查理 I'm Charlene,2023年7月9日,陪朋友去逛畫廊她在考慮買這幅畫我看到標價19500，說：「不貴啊，為何不買？」友：「是美金。」我：「不好意思打擾了」韓國畫家權純益的作品「隙－積・研」系列在白石畫廊,"3,329",13則留言
我是查理 I'm Charlene,2023年5月3日,#查理愛書推薦 這本書我愛到為它單獨拍了一支影片#最後一次相遇我們只談喜悅 真的改變了我的人生觀而且當我決定做出改變後生活中也會發生奇怪的事比如我決定「不再當個害羞封閉的人要成為主動幫忙別人的人」我以前是那種上課想上廁所不敢舉手寧可憋尿到下課的人所以主動去幫助別人我也會很害怕或害羞但自從決心改變以後幾乎每天都會被我遇到需要我幫忙的事走在路上遇到撿回收的阿嬤回收的紙箱和鐵罐被大風吹走我和另一個路人就在馬路中間幫她追那些滾來滾去的鐵管和紙張撿的時候我還跟路人說我們會不會被車撞畢竟我們蹲在馬路中間啊不過好險沒事機車騎士繞過我們沒被撞又或是在路上看到一台突然拋錨的車子和朋友下車去幫他推車雖然我很瘦小可能幫助不大但有四個女生幫他推車他笑得很燦爛連續幾天遇到這種事都覺得太神奇了吧總之「喜悅」這本書是本修煉內心的書像是一本指南一樣可以重複翻閱看完喜悅後我開始看一行禪師早期很經典的 #正念的奇蹟這本書主要是具體地教我們如何活在當下專注在每一個呼吸比方說洗碗這件事每次洗碗我都想要趕快洗完想著我很忙待會還要幹嘛幹嘛或是洗一洗很生氣為什麼又是我洗？老公都不洗碗但用正念的方法以後就不再那麼急躁了可以提醒自己慢下來不管是做任何事，都是生命最重要的時刻——當下。#轉山 這本書比較像是遊記20出頭的台灣男子在冬天從雲南騎單車到拉薩翻越五千多米的高山像苦行僧一樣在西藏窮遊我覺得我年紀太大所以這個故事打動不了我實在是太受苦了老骨頭吃不消可能光是坐車在西藏十幾個小時我也會哀哀叫不過如果是我年輕的時候看到應該會覺得很熱血也想去旅行吧,"1,454",18則留言
我是查理 I'm Charlene,2023年1月15日,昨天我和J的對話J：「剛剛滑雪的時候，我和一個很可愛的女生對到眼耶！我滑經過她的時候，她在看我，然後我轉頭想找你在哪，結果那個女生也轉頭對我笑。」我：「是那個妝很濃坐在路邊穿粉色衣服的snowboarder嗎？」J：「對，她對我笑的時候，你從她後面的下坡用雪仗一路‘’兔‘’（台語）上來，看起來超累，對比好大。」我：「誰叫你要指錯路害我要爬上坡！」滑了一整天後我：「我們今天滑了五個半小時耶！超好玩！你最喜歡哪個部分？」J臉上突然露出了一抹嬌羞的笑容我：「⋯⋯我是問你最喜歡哪條雪道！不是哪個女生！！！今天跟你滑了五個小時都白滑了！」J：「沒有啦！今天最好的部分是我在有蓋子的那個纜車上親你。」我：「有蓋纜車你坐我左邊，但你親我的時候坐我右邊，你根本不記得你在哪裡親我！！！」我：「上次在韓國，你也是跟別的女生這樣對眼調情。」J：「不是韓國，是在日本京都車站的咖啡廳裡。」我：「為什麼這種事情就記得這麼清楚」J笑歪：「我這該死的腦袋為什麼要這樣背叛我！」,"5,727",45則留言
我是查理 I'm Charlene,2023年10月18日,首爾vlog,68,1 則留言
我是查理 I'm Charlene,2023年9月22日,上週日的二手拍捐款明細來了扣除場地和人事費用後總共募到49萬多我和 @patty11266924 再湊到50萬一起捐出各15萬給華山基金會和蘋果慈善基金會10萬給台中的狗園還有10萬會捐給下週  @jonas.tjd 會開啟的非洲蓋學校計畫衷心感謝所有參加的人，也感謝各品牌的愛戴，愛你們,"3,592",30則留言
我是查理 I'm Charlene,2023年12月16日,帶著二貓移民瑞典現在人在阿姆斯特丹轉機飛了14小時20分可以感覺到小黑是來報恩、臭寶是來報仇的小黑全程超乖超安靜臭寶叫不停餵了3顆獸醫給的鎮靜劑也沒用還尿尿在籠子裡但又很心疼她要跟我們飛這麼久希望能順利熬過接下來的2小時飛行+3小時車程,"6,486",63則留言
我是查理 I'm Charlene,1月28日,冬天的湖結冰本來要坐船才能到小島上現在可以直接走過去我還滑倒真實的心情依然在最後一張照片,"2,134",24則留言
我是查理 I'm Charlene,2023年1月2日,2023的第一天，麻將我就先輸了110元，謝囉！2023祝每個人都平平安安、健健康康、荷包滿滿、心想事成,"1,018",10則留言
我是查理 I'm Charlene,3月13日下午8:54,來肯亞看動物最開心看到的就是可愛的小獅子和小獵豹其實獅子算是蠻容易看到的因為他們是群居動物數量有到幾百隻但是獵豹和花豹數量非常非常少要人品爆發才能看到看到這隻獵豹媽媽和她的兩個小孩時領隊告訴我們獵豹沒有固定領地所以他們會不停地移動尋找安全的地方但周遭危機四伏尤其是獅子數量龐大像這隻獵豹媽媽本來有五個小孩但其他三隻被獅子咬死了只剩照片裡的這兩隻一個單親媽媽根本不是整個獅群的對手因為獵豹交配完以後公豹就走了只剩母獵豹一個人帶小孩要帶到小豹三歲左右學會打獵才能獨立我們看到牠的時候牠想打獵但遠處有隻鬃狗鬃狗會把牠獵到的食物偷走所以牠一直遲遲沒有行動整個過程牠一直左顧右盼沒有絲毫鬆懈只能說單親媽媽真的太難了！不只是獵物會被搶走就算獵到食物在吃東西的時候也是最容易被獅子攻擊的時刻獅子會從背後攻擊獵豹他們最主要的目標就是母獵豹因為媽媽一死她的小孩根本無法在草原生存所以獵豹數量越來越少導遊說曾經有過一隻母獵豹被獅子咬死剩下的獵豹寶寶也全都死了我們問：「為什麼不救那些寶寶？」導遊：「就算救了牠們，牠們也會失去在大草原生活打獵的能力，將來就只能送去動物園，關在動物園的日子有比較好嗎？」車上的大家都沈默了，我們安靜地在車上看著這隻疲憊的母獵豹，心裡期待她能開啟狩獵的行動，但遠方的鬃狗遲遲沒有離去，我們也只能開著車走了，只見母獵豹的身影越來越小，消失在地平線中。Photo by I'm Jonas,"2,095",17則留言
我是查理 I'm Charlene,2023年12月14日,愛死今天的妝容尤其是眼影！！！看看那個波光粼粼的閃度有歐美眼影盤的顏色度也有日系眼影的精緻感這盤是Laura Mercier的金燦星空九色眼彩盤中間的酒紅色拿來當眼線色也超美還有我的臉上和身上都用他們家的金燦星空三色亮彩盤這個打亮omg亮到外太空又亮粉又細缺點就是太大盤！一盤1890 可能這輩子都用不完可以拿來大肆在鎖骨上打亮也可以拿來當眼影一盤萬用，公克數換算下來cp值很高底妝用的是今年新推出的極致煥顏輕透完美粉底這瓶在網路上比較少看到心得使用下來的最大感受就是他的薄透度薄薄一層透亮在皮膚上質地滑順不乾，但也不會油膩混合偏乾肌用起來覺得很舒服妝感是很自然的裸霧光遮瑕力8-8.5成持妝力也蠻好的是一瓶一年四季都可以用的粉底液至於蘿拉蜜思家的蜜粉已經蟬聯好幾屆年度愛用冠軍因為它非常持妝！粉也細緻粉紅色的蜜粉更是能自然地提亮膚色克數換算下來其實價格已經逼近開架蜜粉覺得他是蜜粉屆公道伯好用價格又合理！我一直都很喜歡蘿拉蜜思家的東西（尤其是我已經用了N條的遮瑕）他們家東西都很好用價格以專櫃來說很合理只是少了華麗浮誇的包裝和廣告預算大家好像對這牌子都會默默經過希望大家可以靠櫃真的上到臉上去感受它的產品才會發現它的好,890,10則留言
我是查理 I'm Charlene,2022年11月24日,今天和J去打保齡球第一局打了好多全倒後來就變超爛一直洗溝我一直找藉口我：「我的手沒力了啦！」「指甲太長了啦！」「我的背很痛。」J：「我看是你的新手運用完了吧」,782,7則留言
我是查理 I'm Charlene,2023年8月20日,昨天穿這樣去J爸的音樂聚會結果好多人都來問我們是不是要結婚了首圖比愛心的姿勢還是J媽叫我們比的看起來真的很像婚紗照,"8,052",67則留言
我是查理 I'm Charlene,2023年12月25日,Merry Christmas!聖誕快樂我來送聖誕禮物啦～只要留言你想對我說的話隨便什麼都可以送出15份聖誕禮物哦大家聖誕節快樂,"2,307",569則留言
我是查理 I'm Charlene,2023年12月18日,今天帶著新買的gr3x出門散步拍照把瑞典拍得好像鬼片哦,"2,771",24則留言
我是查理 I'm Charlene,2023年8月7日,從昨天晚上開始瑞典這裡就發布了暴風雨警報果然從晚上開始就一直下雨打雷打雷的程度真的蠻可怕的晚上閉上眼睛睡覺都還是可以被窗外的閃電亮醒在首都南邊的某個城市一小時打了一千多次雷非常驚人這讓我想到台灣的颱風小時候我非常喜歡颱風天那時候的颱風天會停電我們全家人會點蠟燭一起玩撲克牌外面雷電交加、颳風下雨但是家裡卻歡笑聲連連那是我為數不多的家庭快樂時光後來爸媽就離婚了颱風來也不會再停電了,"2,172",11則留言
我是查理 I'm Charlene,2022年11月12日,今天開了一個小時的山路去泡野溪溫泉去年十二月有好幾池今天去只剩一池了但還是泡得很開心,431,3則留言
我是查理 I'm Charlene,1月23日,2023年度愛用保養品｜這6瓶我的最愛,84,1 則留言
我是查理 I'm Charlene,2023年11月27日,某天晚上睡覺前，J拉下百葉窗，結果打翻了我早上沒喝完放在窗邊的咖啡，咖啡灑到床上，而且是我睡的那邊。當下我們的反應是：我拿床單去洗J 拿毛巾鋪在保潔墊上然後我睡在床乾淨的那邊，J睡在沙發床上（他平常就很愛睡那），就關燈睡覺了到了隔天J才說：「欸，我覺得昨天那樣我們竟然沒有吵架，一句話都沒有責備對方，真的很強耶。」我覺得可能是因為老了，吵架其實很累的，只想趕快解決問題去睡覺如果是你，你會有什麼反應？,"1,853",37則留言
我是查理 I'm Charlene,2023年11月17日,最近J跟我聊天，忍不住跟我說：「我是個好男人吧！」不抽菸、不劈腿、無暴力傾向、熱愛運動、生活單純仔細想想，J好像真的沒有什麼可怕的壞習慣只是因為外表樸素就在戀愛市場上被忽略但其實我覺得個性才是最重要的外表什麼的都是浮雲就像妮維雅極潤修護乳液外表樸實使用後才驚為天人第一次用的時候我晚上擦一擦就去睡了隔天早上起床真的被嚇到因為我的身體每天都很乾就算擦完乳液隔天也還是會乾但擦妮維雅極潤修護乳液隔天身體皮膚竟然是嫩的這個保濕柔嫩的修護效果竟然是有續航力的！德國皮膚科醫師共同研發添加高濃度的醫美級B5除了保濕力超好卻完全不黏之外還可以舒緩改善5大乾癢敏弱問題所以皮膚乾燥、乾癢、泛紅的人都可以試試！而且不用擔心會黏棉被、衣服的問題還有妮維雅安心舒緩水潤霜除了維他命原B5還添加高濃度5%的尿素也是超強的保濕鎖水修護成分還能舒緩皮膚的敏感泛紅建議大家可以全身使用極潤修護乳液在比較乾燥的關節、局部加入安心舒緩水潤霜讓皮膚一整天都能水嫩不敏感另外他們家還有出護手霜哦讓手保濕不再乾裂而且水潤不黏膩我喜歡妮維雅價格超可愛效果又超好有皮膚乾燥敏感問題的人一定要試試！https://reurl.cc/K3nyN9NIVEA#妮維雅 #NIVEA #德國皮膚科醫師共同研發#修護5大乾癢敏弱問題 #醫美級修護金三角,745,8則留言
我是查理 I'm Charlene,2023年2月11日,今天好天氣去河濱公園騎車中午在麵攤吃麵時，老闆娘說：「你很漂亮！」J：「你說我嗎？謝謝！」老闆娘：「不是，我說她（指我）」J：「….」然後進來了幾個阿姨坐我們對面阿姨窸窸窣窣說：「對面那個好像是YouTuber 耶！但我不確定。」最後阿姨終於鼓起勇氣，說：「請問你是Lukas嗎？」我笑歪最後在麵攤，J速速吃完，一刻也不想再待了,"3,176",46則留言
我是查理 I'm Charlene,2023年7月25日,今天騎著J媽輪胎沒風的腳踏車趴趴走J的家剛好在一個小山丘上所以要回他家要騎上超陡且超長的斜坡J：「小時候我每天都要騎這個大斜坡回家」我：「真的太慘了，我騎一次就不行了（其實都用走的）」J：「要感謝這個斜坡，才讓我的童年能那麼瘦。我一搬離這裡以後，就變胖了」（結果照片沒拍到斜坡）,"1,841",13則留言
我是查理 I'm Charlene,3月16日下午9:42,照片裡的小男孩我們大家一致認為他前途不可限量就因為他送了我一串香蕉事情是這樣的我們到中高年級的班上講一些鼓勵的話叫大家好好念書什麼的但我上台真的不知道講什麼我就隨便說了句：「我喜歡吃你們這裡的香蕉」跟台灣的香蕉不一樣酸酸甜甜的烤出來超好吃結果他隔天就帶了一串那種香蕉給我在海倫的盤問下才發現原來他根本不是中高年級的學生他是低年級的學生偷偷跑到中高年級的班上想聽我們說了什麼然後把我隨口說的一句話放在心上送了香蕉給我而我也回送了他文具組（鉛筆橡皮擦削鉛筆機）用一串香蕉換到這些真的值了！（因為這些文具在烏干達很貴）覺得他好聰明（朋友說以後應該很會把妹）,"8,135",38則留言
我是查理 I'm Charlene,2023年3月3日,不知道你們有沒有這種朋友平常可以很久不聯絡但是一見面又像從來沒分開過那樣一有重要的事就可以跟他說不會因為時間的關係變得生疏海洋拉娜對我來說就是這樣的存在只要肌膚出事情還是會回到它的懷抱令人安心的味道和修護成分肌膚出問題的時候找他就對了全新的海洋拉娜舒芙乳霜超級適合我這種混合偏乾肌使用他們家最經典的專利成分 Miracle Broth（可以修護傷疤的極強修復成分）這個成份可以阻斷老化反應、修護細胞讓肌膚變得更健康強韌所以這是一瓶修護、抗老的乳霜舒服的奶油質地混合偏乾肌用剛剛好擦完很水嫩沒有一般貴婦乳霜太滋潤油膩的問題我自己會在皮膚覺得乾燥、暗沉的時候用打完雷射臉上有傷口需要修護的時候也會用想要入手抗老乳霜的混合偏乾肌非常適合這瓶入手30ml舒芙乳霜享珍珠限定版包裝入手60ml舒芙乳霜享珍珠限定版包裝+白玉美妍按摩滾輪大家可以填單體驗享體驗禮： https://bit.ly/3Zf1pVJ#海洋拉娜乳霜革命 #雙標靶抗老 #舒芙乳霜 #LaMerSoftCream,476,3則留言
我是查理 I'm Charlene,2023年4月23日,從峇里島飛回來看動力火車的演唱會聽到當和彩虹的時候真的一直掉眼淚能聽到他們好幸福（謝謝給我票的你）,"5,762",31則留言
我是查理 I'm Charlene,2023年11月15日,好久沒有畫這麼濃的妝了Jonas看到稱讚很漂亮但我說：「我馬上就要卸掉了。」Jonas一臉黑人問號我真的是不懂你們女人其實我也覺得自己很難搞化妝的時候 我的妝要持久又服貼！卸妝的時候要卸得乾淨又不傷皮膚！真的毛很多耶好險最近發現之前推薦過的卸妝水升級了！妮維雅B5精華卸妝水 #B5卸妝神水卸的又快又乾淨不會有殘妝堆在毛孔所以用了以後完全沒有長粉刺痘痘#B5卸妝神水 除了原有的雙重舒敏B5精華還升級多加入安心舒緩胺基酸所以卸完妝完全不會乾而且全系列德國原裝進口無酒精、無香料、無礦物油皮膚科醫師認證敏感肌也能用搭配掃膚融妝科技卸妝力很強底妝、腮紅、口紅、眼影、眉毛都卸得掉卸完妝終於可以讓皮膚透透氣睫毛膏的話推薦用妮維雅的眼唇卸妝液另外卸（他們家的眼唇卸妝液藍色款超好用！我用空一瓶了）我最近最常用的就是紫色 #舒敏型很適合皮膚容易敏感泛紅的人使用卸完臉很清爽不會油油的也不會泛紅重點是一大瓶400ml只要兩百多敏感肌和最近因為換季皮膚不穩或是想要維持皮膚穩定的人一定要入手試試哦https://reurl.cc/5OLxXqNIVEA#雙重舒敏B5精華 #妮維雅卸妝 #敏感肌安心卸妝#0殘妝秒卸淨 #肌膚深呼吸,"2,212",55則留言
我是查理 I'm Charlene,2023年5月6日,遛可愛娜娜的一天謝謝鄰居借狗給我遛,"1,775",13則留言
